A,B
GRE.99708417,?ng vi?n h?y
GRE.80955978,?ng vi?n h?y
GRE.57834599,?ng vi?n h?y
GRE.2320158,?ng vi?n h?y
GRE.9768601,?ng vi?n h?y
GRE.54489690,?? x?p ca
GRE.84017398,?? x?p ca
GRE.57996476,?? x?p ca
GRE.60310163,?? x?p ca
GRE.73907881,?ng vi?n h?y
GRE.37763858,?ng vi?n h?y
GRE.52792944,?ng vi?n h?y
GRE.85767635,?? x?p ca
GRE.67264341,?ng vi?n h?y
GRE.47813175,?? x?p ca
GRE.12925529,?ng vi?n h?y
GRE.69194424,?? x?p ca
GRE.3841830,?? x?p ca
GRE.63957041,?? x?p ca
GRE.92417299,?? x?p ca
GRE.39860510,?? x?p ca
GRE.47694439,?? x?p ca
GRE.48347192,?? x?p ca
GRE.87049950,?ng vi?n h?y
GRE.57071092,?ng vi?n h?y
GRE.73452723,?? x?p ca
GRE.93476528,KNM
GRE.48096715,KNM
GRE.60872058,?ng vi?n h?y
GRE.44205656,?? x?p ca
GRE.28383386,?? x?p ca
GRE.36451680,?? x?p ca
GRE.28233619,?? x?p ca
GRE.82421334,?ng vi?n h?y
GRE.75630831,?? x?p ca
GRE.55574110,?? x?p ca
GRE.9797018,?? x?p ca
GRE.34839906,?? x?p ca
GRE.66250084,?? x?p ca
GRE.67199039,?? x?p ca
GRE.83034077,?ng vi?n h?y
GRE.69084616,?? x?p ca
GRE.37548331,?? x?p ca
GRE.35014408,?? x?p ca
GRE.17104120,?ng vi?n h?y
GRE.61112096,?ng vi?n h?y
GRE.53173034,?? x?p ca
GRE.75865058,?? x?p ca
GRE.68089136,?? x?p ca
GRE.72452859,?? x?p ca
GRE.34257576,?? x?p ca
GRE.46673342,?? x?p ca
GRE.11247181,?? x?p ca
GRE.61877395,??i x?p ca
GRE.90245608,KNM
GRE.67936657,?? x?p ca
GRE.11970974,KNM
GRE.11866146,?ng vi?n h?y
GRE.66788518,?ng vi?n h?y
GRE.19377003,?ng vi?n h?y
GRE.25070061,?? x?p ca
GRE.51771009,?ng vi?n h?y
GRE.85879532,?? x?p ca
GRE.63347051,?? x?p ca
GRE.79273756,?? x?p ca
GRE.20026344,?? x?p ca
GRE.78946499,?? x?p ca
GRE.10894910,KNM
GRE.79020362,KNM
GRE.3320411,?ang x? l? m?
GRE.73945463,?? x?p ca
GRE.79082943,?? x?p ca
GRE.99977857,?? x?p ca
GRE.94613123,?? x?p ca
GRE.20270214,?? x?p ca
GRE.40316159,KNM
GRE.13772841,?? x?p ca
GRE.83610283,?? x?p ca
GRE.72924476,?? x?p ca
GRE.96170260,?? x?p ca
GRE.71810369,?ang x? l? m?
GRE.63094543,KNM
GRE.7229315,?ang x? l? m?
GRE.33235648,?? x?p ca
GRE.67881027,?? x?p ca
GRE.39377869,
GRE.97481575,?? x?p ca
GRE.34205731,?? x?p ca
GRE.4619937,?? x?p ca
GRE.56684160,?? x?p ca
GRE.10248459,?? x?p ca
GRE.28866650,?ang x? l? m?
GRE.53622611,
GRE.937410,
GRE.51819675,?ang x? l? m?
GRE.86901413,?? x?p ca
GRE.68981225,KNM
GRE.7711240,?? x?p ca
GRE.925357,?ng vi?n h?y
GRE.41997072,KNM
GRE.66974339,
GRE.6236003,
GRE.83242113,?? x?p ca
GRE.44528542,KNM
GRE.79877253,KNM
GRE.43601946,?? x?p ca
GRE.68411388,KNM
GRE.87004749,?? x?p ca
GRE.19599492,?? x?p ca
GRE.21292676,?? x?p ca
GRE.58041820,?? x?p ca
GRE.84617395,?ng vi?n h?y
GRE.28815622,?? x?p ca
GRE.71185691,?? x?p ca
GRE.90609847,?ng vi?n h?y
GRE.89091469,
GRE.7298343,
GRE.86560351,
GRE.73817487,
GRE.50234847,
GRE.75717200,?ng vi?n h?y
GRE.54153641,?ng vi?n h?y
GRE.73506801,?ng vi?n h?y
GRE.27783982,
GRE.6486954,
GRE.16486965,
GRE.29195398,
GRE.92265772,
GRE.85722733,?ng vi?n h?y
GRE.52938636,?ng vi?n h?y
GRE.30073668,
GRE.89275877,
GRE.19254203,
GRE.55993589,?? x?p ca
GRE.16531697,
GRE.40284706,
GRE.11050910,
GRE.23815924,
GRE.12821728,?? x?p ca
GRE.49593916,
GRE.66096208,
GRE.18919894,
GRE.38105753,
GRE.80068970,
GRE.26122472,?? x?p ca
GRE.51366827,?? x?p ca
GRE.70000068,KNM
GRE.93952129,?? x?p ca
GRE.33277168,?ng vi?n h?y
GRE.22684249,?? x?p ca
GRE.9009771,?ng vi?n h?y
GRE.69332207,
GRE.73570186,?? x?p ca
GRE.49596323,
GRE.78354023,
GRE.56871654,
GRE.53612160,
GRE.8679070,
GRE.21137619,?? x?p ca
GRE.16813177,KNM
GRE.59299918,?ng vi?n h?y
GRE.60744766,?? x?p ca
GRE.59702810,?? x?p ca
GRE.48087191,?? x?p ca
GRE.70818677,?ng vi?n h?y
GRE.89739976,?? x?p ca
GRE.48582650,?? x?p ca
GRE.48158944,
GRE.16381945,?? x?p ca
GRE.17834064,?? x?p ca
GRE.91658568,?ng vi?n h?y
GRE.78952107,?? x?p ca
GRE.28535593,?ng vi?n h?y
GRE.93456911,?? x?p ca
GRE.36545828,?? x?p ca
GRE.23575682,?ng vi?n h?y
GRE.47162634,?? x?p ca
GRE.75836867,?? x?p ca
GRE.3019932,?? x?p ca
GRE.36802717,?? x?p ca
GRE.59186118,?? x?p ca
GRE.26573951,?? x?p ca
GRE.79452092,?? x?p ca
GRE.24098513,?? x?p ca
GRE.92892470,?ng vi?n h?y
GRE.61764502,
GRE.48321903,
GRE.89838512,
GRE.33628779,?? x?p ca
GRE.32640309,
GRE.17772481,
GRE.90852032,
GRE.66176495,?? x?p ca
GRE.64945524,?? x?p ca
GRE.54787714,?? x?p ca
GRE.1700271,KNM
GRE.70748855,?? x?p ca
GRE.54863668,?? x?p ca
GRE.68141733,KNM
GRE.11214701,?? x?p ca
GRE.20558849,?? x?p ca
GRE.39976809,KNM
GRE.63352656,?? x?p ca
GRE.49036321,?ng vi?n h?y
GRE.40619761,KNM
GRE.75006573,
GRE.98876154,?ng vi?n h?y
GRE.98131623,
GRE.34660245,?? x?p ca
GRE.17626166,?? x?p ca
GRE.67568518,?? x?p ca
GRE.82608042,?? x?p ca
GRE.9117843,
GRE.23543317,?? x?p ca
GRE.76154626,
GRE.30026094,
GRE.39530917,?? x?p ca
GRE.40649969,
GRE.22244177,
GRE.9853776,
GRE.92321375,
GRE.1403398,
GRE.53550327,
GRE.35968372,?? x?p ca
GRE.95873878,
GRE.38015893,
GRE.19332449,
GRE.65895178,
GRE.80800270,
GRE.73645833,?? x?p ca
GRE.70680293,?? x?p ca
GRE.53426712,
GRE.5528460,?ng vi?n h?y
GRE.54933427,?? x?p ca
GRE.73483135,KNM
GRE.40573802,?? x?p ca
GRE.30606300,KNM
GRE.91511753,?ang x? l? m?
GRE.62837509,?? x?p ca
GRE.91668979,??i x?p ca
GRE.75213685,
GRE.6522454,
GRE.58594569,
GRE.50657575,
GRE.83366235,
GRE.16839497,
GRE.71466373,
GRE.45124121,
GRE.76308918,
GRE.81023749,
GRE.11041331,
GRE.18925907,
GRE.22534178,
GRE.18285168,
GRE.98653995,
GRE.78987701,
GRE.21579190,
GRE.74678121,
GRE.6971486,
GRE.27178570,
GRE.38175623,
GRE.29171329,?? x?p ca
GRE.88681078,?? x?p ca
GRE.13504970,
GRE.43158279,?ng vi?n h?y
GRE.21847852,?? x?p ca
GRE.63852509,
GRE.4542051,?? x?p ca
GRE.93137865,?ang x? l? m?
GRE.92225458,
GRE.93743495,?? x?p ca
GRE.51035143,?ng vi?n h?y
GRE.35295694,
GRE.90316755,?? x?p ca
GRE.28923517,?? x?p ca
GRE.16992045,?? x?p ca
GRE.54326081,?ng vi?n h?y
GRE.45566917,?? x?p ca
GRE.51965524,?? x?p ca
GRE.50810083,?? x?p ca
GRE.67110480,?? x?p ca
GRE.47284209,?? x?p ca
GRE.81002594,?? x?p ca
GRE.50330025,?? x?p ca
GRE.67258182,
GRE.15558240,?? x?p ca
GRE.88453680,?? x?p ca